{
    "definition": {
        "$schema": "https://schema.management.azure.com/providers/Microsoft.Logic/schemas/2016-06-01/workflowdefinition.json#",
        "actions": {
            "Send_an_email_(V2)": {
                "type": "ApiConnection",
                "inputs": {
                    "host": {
                        "connection": {
                            "referenceName": "office365"
                        }
                    },
                    "method": "post",
                    "body": {
                        "To": "aperezvelez@microsoft.com",
                        "Subject": "Prueba de Logic App@{rand(0,100)}",
                        "Body": "<p>Esta es una prueba de logic app</p>",
                        "Importance": "Normal"
                    },
                    "path": "/v2/Mail"
                },
                "runAfter": {}
            },
            "Response": {
                "type": "Response",
                "kind": "Http",
                "inputs": {
                    "statusCode": 200,
                    "body": "@{body('Send_an_email_(V2)')}Esto es un ejemplo"
                },
                "runAfter": {
                    "Send_an_email_(V2)": [
                        "SUCCEEDED"
                    ]
                }
            }
        },
        "contentVersion": "1.0.0.0",
        "outputs": {},
        "triggers": {
            "When_a_HTTP_request_is_received": {
                "type": "Request",
                "kind": "Http"
            }
        },
        "parameters": {}
    },
    "kind": "Stateful"
}